words,path,glosses
abbaye,education-nationale/abbaye.pose,abbaye
abdiquer,education-nationale/abdiquer.pose,abdiquer
ablation,education-nationale/ablation.pose,ablation
abonnement,education-nationale/abonnement.pose,abonnement
académie,education-nationale/académie.pose,académie
accident de voiture,education-nationale/accident de voiture.pose,accident
accompagner,education-nationale/accompagner.pose,accompagner
accord,education-nationale/accord.pose,accord
acide,education-nationale/acide.pose,acide
acoustique,education-nationale/acoustique.pose,acoustique
action,education-nationale/action.pose,action
adaptation,education-nationale/adaptation.pose,adaptation
adhérer,education-nationale/adhérer.pose,adhérer
adjuger,education-nationale/adjuger.pose,adjuger
administrer,education-nationale/administrer.pose,administrer
adversaire,education-nationale/adversaire.pose,adversair
affaire,education-nationale/affaire.pose,affaire
agence,education-nationale/agence.pose,agence
agression,education-nationale/agression.pose,agression
agriculture,education-nationale/agriculture.pose,agriculture
Albi,education-nationale/Albi.pose,Albi
album de photos,education-nationale/album de photos.pose,album
Algérie,education-nationale/Algérie.pose,algérie
Allemagne,education-nationale/Allemagne.pose,Allemagne
ambiance,education-nationale/ambiance.pose,ambiance
ambition,education-nationale/ambition.pose,ambition
analyse,education-nationale/analyse.pose,analyse
anatomie,education-nationale/anatomie.pose,anatomie
Angers,education-nationale/Angers.pose,Angers
anonyme,education-nationale/anonyme.pose,anonyme
antiquité,education-nationale/antiquité.pose,antiquité
aorte,education-nationale/aorte.pose,aorte
apesanteur,education-nationale/apesanteur.pose,apesanteur
a priori,education-nationale/a priori.pose,priori
architecte,education-nationale/architecte.pose,architecte
archives,education-nationale/archives.pose,archive
"articulation, os","education-nationale/articulation, os.pose",articulation
arts,education-nationale/arts.pose,art
assemblée nationale,education-nationale/assemblée nationale.pose,assemblée
association,education-nationale/association.pose,association
assurance,education-nationale/assurance.pose,assurance
asthme,education-nationale/asthme.pose,asthme
atome,education-nationale/atome.pose,atome
attestation,education-nationale/attestation.pose,attestation
audiogramme,education-nationale/audiogramme.pose,audiogramme
audiovisuel,education-nationale/audiovisuel.pose,audiovisuel
Australie,education-nationale/Australie.pose,Australie
"automobile, voiture","education-nationale/automobile, voiture.pose",automobile
autonomie,education-nationale/autonomie.pose,autonomie
Autriche,education-nationale/Autriche.pose,Autriche
Avignon,education-nationale/Avignon.pose,Avignon
avocat,education-nationale/avocat.pose,avocat
bac,education-nationale/bac.pose,bac
banlieue,education-nationale/banlieue.pose,banlieue
banquet,education-nationale/banquet.pose,banquet
banque,education-nationale/banque.pose,banque
baptême,education-nationale/baptême.pose,baptême
base,education-nationale/base.pose,base
bâtiment,education-nationale/bâtiment.pose,bâtiment
Belgique,education-nationale/Belgique.pose,Belgique
bénéfice,education-nationale/bénéfice.pose,bénéfice
bénévolat,education-nationale/bénévolat.pose,bénévolat
Biarritz,education-nationale/Biarritz.pose,Biarritz
bible,education-nationale/bible.pose,bibl
bibliothèque,education-nationale/bibliothèque.pose,bibliothèqu
bilan,education-nationale/bilan.pose,bilan
bilinguisme,education-nationale/bilinguisme.pose,bilinguisme
biochimie,education-nationale/biochimie.pose,biochimie
biologie,education-nationale/biologie.pose,biologie
Bordeaux,education-nationale/Bordeaux.pose,Bordeaux
bouddhisme,education-nationale/bouddhisme.pose,bouddhisme
bourgeois,education-nationale/bourgeois.pose,bourgeois
Brésil,education-nationale/Brésil.pose,Brésil
Bruxelles,education-nationale/Bruxelles.pose,Bruxelles
budget,education-nationale/budget.pose,budget
Bulgarie,education-nationale/Bulgarie.pose,Bulgarie
câble,education-nationale/câble.pose,câble
calcul,education-nationale/calcul.pose,calcul
calendrier,education-nationale/calendrier.pose,calendrier
Canada,education-nationale/Canada.pose,Canada
cancer,education-nationale/cancer.pose,cancer
candidat,education-nationale/candidat.pose,candidat
capacité,education-nationale/capacité.pose,capacité
capitale,education-nationale/capitale.pose,capital
caractère,education-nationale/caractère.pose,caractère
carême,education-nationale/carême.pose,carême
carte d'identité,education-nationale/carte d'identité.pose,carte
catholique,education-nationale/catholique.pose,catholique
célibataire,education-nationale/célibataire.pose,célibataire
censure,education-nationale/censure.pose,censure
Chambéry,education-nationale/Chambéry.pose,Chambéry
charpente,education-nationale/charpente.pose,charpente
chéquier,education-nationale/chéquier.pose,chéquier
chimie,education-nationale/chimie.pose,chimie
Chine,education-nationale/Chine.pose,Chine
cinéma,education-nationale/cinéma.pose,cinéma
citoyen,education-nationale/citoyen.pose,citoyen
code de la route,education-nationale/code de la route.pose,code
coiffure,education-nationale/coiffure.pose,coiffure
collaboration,education-nationale/collaboration.pose,collaboration
comédien,education-nationale/comédien.pose,comédien
comédie,education-nationale/comédie.pose,comédie
comité,education-nationale/comité.pose,comité
commerce,education-nationale/commerce.pose,commerce
commission,education-nationale/commission.pose,commission
communication,education-nationale/communication.pose,communication
communisme,education-nationale/communisme.pose,communisme
compétant,education-nationale/compétant.pose,compéter
compétition,education-nationale/compétition.pose,compétition
comportement,education-nationale/comportement.pose,comportement
compromis,education-nationale/compromis.pose,compromettre
comptabilité,education-nationale/comptabilité.pose,comptabilité
concentration,education-nationale/concentration.pose,concentration
concept,education-nationale/concept.pose,concept
concours,education-nationale/concours.pose,concours
concurrence,education-nationale/concurrence.pose,concurrence
conférence,education-nationale/conférence.pose,conférence
confiance,education-nationale/confiance.pose,confiance
conflit,education-nationale/conflit.pose,conflit
congrès,education-nationale/congrès.pose,congrès
connaissance,education-nationale/connaissance.pose,connaissance
conscience,education-nationale/conscience.pose,conscience
conseiller,education-nationale/conseiller.pose,conseiller
construction navale,education-nationale/construction navale.pose,construction
conte,education-nationale/conte.pose,conte
contrat,education-nationale/contrat.pose,contrat
convaincre,education-nationale/convaincre.pose,convaincre
conversation (discuter),education-nationale/conversation (discuter).pose,conversation
conversion,education-nationale/conversion.pose,conversion
convoquer,education-nationale/convoquer.pose,convoquer
correction (corriger),education-nationale/correction (corriger).pose,correction
cotisation,education-nationale/cotisation.pose,cotisation
coupable,education-nationale/coupable.pose,coupable
crédit,education-nationale/crédit.pose,crédit
crime,education-nationale/crime.pose,crime
critiquer,education-nationale/critiquer.pose,critiquer
culture de la terre,education-nationale/culture de la terre.pose,culture
culture (1),education-nationale/culture.pose,culture
curieux,education-nationale/curieux.pose,curieux
Danemark,education-nationale/Danemark.pose,Danemark
débat,education-nationale/débat.pose,débat
débilité,education-nationale/débilité.pose,débilité
débit banque,education-nationale/débit banque.pose,débit
décentralisation,education-nationale/décentralisation.pose,décentralisation
décision,education-nationale/décision.pose,décision
déclaration droits de l'homme,education-nationale/déclaration droits de l'homme.pose,déclaration
déclaration (1),education-nationale/déclaration.pose,déclaration
décommander,education-nationale/décommander.pose,décommander
décompte,education-nationale/décompte.pose,décompte
décors,education-nationale/décors.pose,décors
découragement,education-nationale/découragement.pose,découragement
découverte,education-nationale/découverte.pose,découverte
défaut,education-nationale/défaut.pose,défaut
défenseur,education-nationale/défenseur.pose,défenseur
déficit,education-nationale/déficit.pose,déficit
dégressif,education-nationale/dégressif.pose,dégressif
dégustation,education-nationale/dégustation.pose,dégustation
délivrance,education-nationale/délivrance.pose,délivrance
déluge,education-nationale/déluge.pose,déluge
démenagement,education-nationale/démenagement.pose,démenagement
démissionner,education-nationale/démissionner.pose,démissionner
démocratie,education-nationale/démocratie.pose,démocratie
démonstration,education-nationale/démonstration.pose,démonstration
dépression,education-nationale/dépression.pose,dépression
député,education-nationale/député.pose,député
dérogation,education-nationale/dérogation.pose,dérogation
dette,education-nationale/dette.pose,dette
devis,education-nationale/devis.pose,devis
diabète,education-nationale/diabète.pose,diabète
dialogue,education-nationale/dialogue.pose,dialogue
Dijon,education-nationale/Dijon.pose,Dijon
dilatation,education-nationale/dilatation.pose,dilatation
diplomatique,education-nationale/diplomatique.pose,diplomatique
diplôme,education-nationale/diplôme.pose,diplôme
directeur,education-nationale/directeur.pose,directeur
distance,education-nationale/distance.pose,distance
divorce,education-nationale/divorce.pose,divorce
doctorat en médecine,education-nationale/doctorat en médecine.pose,doctorat
documentation,education-nationale/documentation.pose,documentation
dossier,education-nationale/dossier.pose,dossier
doyen,education-nationale/doyen.pose,doyen
drogue,education-nationale/drogue.pose,drogu
droit,education-nationale/droit.pose,droit
ébéniste,education-nationale/ébéniste.pose,ébéniste
échange,education-nationale/échange.pose,échange
échelon,education-nationale/échelon.pose,échelon
éclairage,education-nationale/éclairage.pose,éclairage
éclipse,education-nationale/éclipse.pose,éclipse
école,education-nationale/école.pose,école
économie,education-nationale/économie.pose,économie
Écosse,education-nationale/Écosse.pose,Écosse
édifice,education-nationale/édifice.pose,édifice
éducateur,education-nationale/éducateur.pose,éducateur
Égypte,education-nationale/Égypte.pose,Égypte
électricité,education-nationale/électricité.pose,électricité
électronique,education-nationale/électronique.pose,électronique
électrotechnique,education-nationale/électrotechnique.pose,électrotechnique
élégance,education-nationale/élégance.pose,élégance
emballage,education-nationale/emballage.pose,emballage
embaucher,education-nationale/embaucher.pose,embaucher
emploi du temps,education-nationale/emploi du temps.pose,emploi
emprunt,education-nationale/emprunt.pose,emprunt
encéphalogramme,education-nationale/encéphalogramme.pose,encéphalogramm
endoctriner,education-nationale/endoctriner.pose,endoctriner
engagement,education-nationale/engagement.pose,engagement
engrenage,education-nationale/engrenage.pose,engrenage
enlèvement,education-nationale/enlèvement.pose,enlèvement
ennemi,education-nationale/ennemi.pose,ennemi
enquête,education-nationale/enquête.pose,enquête
enregistrer,education-nationale/enregistrer.pose,enregistrer
enseigner,education-nationale/enseigner.pose,enseigner
enthousiasme,education-nationale/enthousiasme.pose,enthousiasme
envergure (oiseaux),education-nationale/envergure (oiseaux).pose,envergure
envie,education-nationale/envie.pose,envie
éphémère,education-nationale/éphémère.pose,éphémère
épilepsie,education-nationale/épilepsie.pose,épilepsie
équilibre,education-nationale/équilibre.pose,équilibre
équipe,education-nationale/équipe.pose,équipe
Espagne,education-nationale/Espagne.pose,Espagne
"État, pays","education-nationale/État, pays.pose",état
États-Unis,education-nationale/États-Unis.pose,États-Unis
étranger,education-nationale/étranger.pose,étranger
étudiant,education-nationale/étudiant.pose,étudiant
Europe,education-nationale/Europe.pose,Europe
évolution,education-nationale/évolution.pose,évolution
examen,education-nationale/examen.pose,examen
exemple,education-nationale/exemple.pose,exemple
exercice,education-nationale/exercice.pose,exercice
expérience,education-nationale/expérience.pose,expérience
expert,education-nationale/expert.pose,expert
exploit,education-nationale/exploit.pose,exploit
exportation,education-nationale/exportation.pose,exportation
expression du visage,education-nationale/expression du visage.pose,expression
"expression, mots","education-nationale/expression, mots.pose",expression
fabrication,education-nationale/fabrication.pose,fabrication
facture,education-nationale/facture.pose,facture
faillite,education-nationale/faillite.pose,faillite
falsifier,education-nationale/falsifier.pose,falsifier
fantasme,education-nationale/fantasme.pose,fantasme
fascisme,education-nationale/fascisme.pose,fascisme
faussaire,education-nationale/faussaire.pose,faussair
fédération,education-nationale/fédération.pose,fédération
félicitation,education-nationale/félicitation.pose,félicitation
Finlande,education-nationale/Finlande.pose,Finlande
fleuve,education-nationale/fleuve.pose,fleuve
foie,education-nationale/foie.pose,foie
fonder,education-nationale/fonder.pose,fonder
forêt,education-nationale/forêt.pose,forêt
formation,education-nationale/formation.pose,formation
français,education-nationale/français.pose,français
France,education-nationale/France.pose,France
futur,education-nationale/futur.pose,futur
géographie,education-nationale/géographie.pose,géographie
grammaire,education-nationale/grammaire.pose,grammaire
gravure,education-nationale/gravure.pose,gravure
Grèce,education-nationale/Grèce.pose,Grèce
Guyane,education-nationale/Guyane.pose,Guyane
gymnastique,education-nationale/gymnastique.pose,gymnastique
haine,education-nationale/haine.pose,haine
handicapé,education-nationale/handicapé.pose,handicapé
héritage,education-nationale/héritage.pose,héritage
hiérarchie,education-nationale/hiérarchie.pose,hiérarchie
histoire,education-nationale/histoire.pose,histoire
Hollande,education-nationale/Hollande.pose,Hollande
hommage,education-nationale/hommage.pose,hommage
homme (1),education-nationale/homme.pose,homme
Hongrie,education-nationale/Hongrie.pose,Hongrie
honneur,education-nationale/honneur.pose,honneur
hôpital,education-nationale/hôpital.pose,hôpital
horizon,education-nationale/horizon.pose,horizon
horticulture,education-nationale/horticulture.pose,horticulture
hôtel,education-nationale/hôtel.pose,hôtel
huissier,education-nationale/huissier.pose,huissier
hypocrite,education-nationale/hypocrite.pose,hypocrite
idéologie,education-nationale/idéologie.pose,idéologie
illusion,education-nationale/illusion.pose,illusion
impôts,education-nationale/impôts.pose,impôt
imprimer,education-nationale/imprimer.pose,imprimer
inauguration,education-nationale/inauguration.pose,inauguration
Inde,education-nationale/Inde.pose,Inde
individu,education-nationale/individu.pose,individu
infarctus,education-nationale/infarctus.pose,infarctus
infirmière,education-nationale/infirmière.pose,infirmier
influence,education-nationale/influence.pose,influence
information,education-nationale/information.pose,information
informatique,education-nationale/informatique.pose,informatique
informer,education-nationale/informer.pose,informer
ingénieur,education-nationale/ingénieur.pose,ingénieur
insertion,education-nationale/insertion.pose,insertion
intelligence,education-nationale/intelligence.pose,intelligence
intérioriser,education-nationale/intérioriser.pose,intérioriser
international,education-nationale/international.pose,international
Internet,education-nationale/Internet.pose,internet
interpréter,education-nationale/interpréter.pose,interpréter
interrogation,education-nationale/interrogation.pose,interrogation
intervenir,education-nationale/intervenir.pose,intervenir
interview,education-nationale/interview.pose,interview
invention,education-nationale/invention.pose,invention
Irlande,education-nationale/Irlande.pose,Irlande
Israël,education-nationale/Israël.pose,Israël
Italie,education-nationale/Italie.pose,Italie
Japon,education-nationale/Japon.pose,Japon
jardinage,education-nationale/jardinage.pose,jardinage
jazz,education-nationale/jazz.pose,jazz
jeunesse,education-nationale/jeunesse.pose,jeunesse
justice,education-nationale/justice.pose,justice
Kg (kilogramme),education-nationale/Kg (kilogramme).pose,kilogramme
kidnapper,education-nationale/kidnapper.pose,kidnapper
kinésithérapie,education-nationale/kinésithérapie.pose,kinésithérapie
kleptomanie,education-nationale/kleptomanie.pose,kleptomanie
Km (kilomètre),education-nationale/Km (kilomètre).pose,kilomètre
Kwatt (kilowatt),education-nationale/Kwatt (kilowatt).pose,Kwatt
la mode,education-nationale/la mode.pose,mode
langue,education-nationale/langue.pose,langue
Laos,education-nationale/Laos.pose,Laos
leader,education-nationale/leader.pose,leader
lecture labiale,education-nationale/lecture labiale.pose,lecture
lecture (1),education-nationale/lecture.pose,lecture
liberté,education-nationale/liberté.pose,liberté
licenciement,education-nationale/licenciement.pose,licenciement
Lille,education-nationale/Lille.pose,Lille
Limoges,education-nationale/Limoges.pose,Limoges
linguistique,education-nationale/linguistique.pose,linguistique
loi,education-nationale/loi.pose,loi
Lyon,education-nationale/Lyon.pose,Lyon
machine,education-nationale/machine.pose,machine
mafia,education-nationale/mafia.pose,mafia
mairie,education-nationale/mairie.pose,mairie
majeur,education-nationale/majeur.pose,majeur
manifestation,education-nationale/manifestation.pose,manifestation
marginal,education-nationale/marginal.pose,marginal
Maroc,education-nationale/Maroc.pose,Maroc
Marseille,education-nationale/Marseille.pose,Marseille
mécanique,education-nationale/mécanique.pose,mécanique
médecin,education-nationale/médecin.pose,médecin
médicament,education-nationale/médicament.pose,médicament
"mémoire, thèse","education-nationale/mémoire, thèse.pose",mémoire
mensuel,education-nationale/mensuel.pose,mensuel
message,education-nationale/message.pose,message
méthode,education-nationale/méthode.pose,méthode
métier,education-nationale/métier.pose,métier
Metz,education-nationale/Metz.pose,Metz
Mexique,education-nationale/Mexique.pose,Mexique
microbe,education-nationale/microbe.pose,microbe
microscope,education-nationale/microscope.pose,microscope
militaire,education-nationale/militaire.pose,militaire
mine,education-nationale/mine.pose,mine
minorité,education-nationale/minorité.pose,minorité
moderne,education-nationale/moderne.pose,moderne
Monaco,education-nationale/Monaco.pose,Monaco
monde,education-nationale/monde.pose,monde
montagne,education-nationale/montagne.pose,montagne
Montpellier,education-nationale/Montpellier.pose,Montpellier
moral,education-nationale/moral.pose,moral
Mulhouse,education-nationale/Mulhouse.pose,Mulhouse
musique,education-nationale/musique.pose,musique
musulman,education-nationale/musulman.pose,musulman
mutation,education-nationale/mutation.pose,mutation
Nancy,education-nationale/Nancy.pose,Nancy
Nantes,education-nationale/Nantes.pose,Nantes
nationalité,education-nationale/nationalité.pose,nationalité
naturel,education-nationale/naturel.pose,naturel
neurologique,education-nationale/neurologique.pose,neurologique
neutre,education-nationale/neutre.pose,neutre
Nîmes,education-nationale/Nîmes.pose,Nîmes
niveau,education-nationale/niveau.pose,niveau
normal,education-nationale/normal.pose,normal
Norvège,education-nationale/Norvège.pose,Norvège
notaire,education-nationale/notaire.pose,notair
nucléaire,education-nationale/nucléaire.pose,nucléaire
objectif,education-nationale/objectif.pose,objectif
objection,education-nationale/objection.pose,objection
obligation,education-nationale/obligation.pose,obligation
observateur,education-nationale/observateur.pose,observateur
officiel,education-nationale/officiel.pose,officiel
oppression,education-nationale/oppression.pose,oppression
oral,education-nationale/oral.pose,oral
organiser,education-nationale/organiser.pose,organiser
origine,education-nationale/origine.pose,origine
Orléans,education-nationale/Orléans.pose,Orléans
outil,education-nationale/outil.pose,outil
pâques,education-nationale/pâques.pose,pâque
Paris,education-nationale/Paris.pose,Paris
pédagogie,education-nationale/pédagogie.pose,pédagogie
pédophile,education-nationale/pédophile.pose,pédophile
pharmacie,education-nationale/pharmacie.pose,pharmacie
philosophe,education-nationale/philosophe.pose,philosophe
photocopie,education-nationale/photocopie.pose,photocopie
photographie,education-nationale/photographie.pose,photographie
physique,education-nationale/physique.pose,physique
plastique,education-nationale/plastique.pose,plastique
plombier,education-nationale/plombier.pose,plombier
poème,education-nationale/poème.pose,poème
Poitiers,education-nationale/Poitiers.pose,Poitiers
politique,education-nationale/politique.pose,politique
positif,education-nationale/positif.pose,positif
pouvoir,education-nationale/pouvoir.pose,pouvoir
privé,education-nationale/privé.pose,priver
problème,education-nationale/problème.pose,problème
production,education-nationale/production.pose,production
programme,education-nationale/programme.pose,programme
proposition,education-nationale/proposition.pose,proposition
radioactif,education-nationale/radioactif.pose,radioactif
recherche,education-nationale/recherche.pose,recherche
Reims,education-nationale/Reims.pose,Reims
relation,education-nationale/relation.pose,relation
Rennes,education-nationale/Rennes.pose,Rennes
responsable,education-nationale/responsable.pose,responsable
restauration,education-nationale/restauration.pose,restauration
révision,education-nationale/révision.pose,révision
rival,education-nationale/rival.pose,rival
roi,education-nationale/roi.pose,roi
rôle,education-nationale/rôle.pose,rôle
Rome,education-nationale/Rome.pose,Rome
Roumanie,education-nationale/Roumanie.pose,Roumanie
Saint-Étienne,education-nationale/Saint-Étienne.pose,Saint-Étienne
s'allier,education-nationale/s'allier.pose,s'-IX
santé,education-nationale/santé.pose,santé
scanner médical,education-nationale/scanner médical.pose,scanner
schizophrène,education-nationale/schizophrène.pose,schizophrène
sculpture,education-nationale/sculpture.pose,sculpture
secrétariat,education-nationale/secrétariat.pose,secrétariat
ségrégation,education-nationale/ségrégation.pose,ségrégation
séisme,education-nationale/séisme.pose,séisme
sélection,education-nationale/sélection.pose,sélection
social,education-nationale/social.pose,social
soigner,education-nationale/soigner.pose,soigner
soldat,education-nationale/soldat.pose,soldat
sous-titrage,education-nationale/sous-titrage.pose,sous-titrag
sport,education-nationale/sport.pose,sport
statut social,education-nationale/statut social.pose,statut
Strasbourg,education-nationale/Strasbourg.pose,Strasbourg
subvention,education-nationale/subvention.pose,subvention
Suède,education-nationale/Suède.pose,Suède
symbole,education-nationale/symbole.pose,symbole
sympathie,education-nationale/sympathie.pose,sympathie
syndicat,education-nationale/syndicat.pose,syndicat
tarif,education-nationale/tarif.pose,tarif
taxe,education-nationale/taxe.pose,taxe
technique,education-nationale/technique.pose,technique
télécommunication,education-nationale/télécommunication.pose,télécommunication
télévision,education-nationale/télévision.pose,télévision
terre (1),education-nationale/terre.pose,terre
théâtre,education-nationale/théâtre.pose,théâtre
théorie,education-nationale/théorie.pose,théorie
thermometre,education-nationale/thermometre.pose,thermometre
timbre,education-nationale/timbre.pose,timbre
Toulouse,education-nationale/Toulouse.pose,Toulouse
tourisme,education-nationale/tourisme.pose,tourisme
tours,education-nationale/tours.pose,tour
toxique,education-nationale/toxique.pose,toxique
trajectoire,education-nationale/trajectoire.pose,trajectoire
transport,education-nationale/transport.pose,transport
trimestre,education-nationale/trimestre.pose,trimestre
trophée,education-nationale/trophée.pose,trophée
typique,education-nationale/typique.pose,typique
URSS,education-nationale/URSS.pose,URSS
usine,education-nationale/usine.pose,usine
vaccination,education-nationale/vaccination.pose,vaccination
vaincre,education-nationale/vaincre.pose,vaincre
vallée,education-nationale/vallée.pose,vallée
vanité,education-nationale/vanité.pose,vanité
verglas,education-nationale/verglas.pose,verglas
vibration,education-nationale/vibration.pose,vibration
victoire,education-nationale/victoire.pose,victoire
ville,education-nationale/ville.pose,ville
virus,education-nationale/virus.pose,virus
voir,education-nationale/voir.pose,voir
zoo,education-nationale/zoo.pose,zoo
achat,elix/achat.pose,achat
à la saint glinglin,elix/à la saint glinglin.pose,saint
âme,elix/âme.pose,âme
analogie,elix/analogie.pose,analogie
appétit,elix/appétit.pose,appétit
archipel,elix/archipel.pose,archipel
baptême (1),elix/baptême.pose,baptême
barbelé,elix/barbelé.pose,barbelé
blouse,elix/blouse.pose,blous
bobine,elix/bobine.pose,bobine
bonjour,elix/bonjour.pose,bonjour
boudin,elix/boudin.pose,boudin
caducée,elix/caducée.pose,caducée
canal,elix/canal.pose,canal
canicule,elix/canicule.pose,canicule
champignon,elix/champignon.pose,champignon
champion,elix/champion.pose,champion
champ,elix/champ.pose,champ
chance,elix/chance.pose,chance
chapeau,elix/chapeau.pose,chapeau
charbon,elix/charbon.pose,charbon
charcutier,elix/charcutier.pose,charcutier
chariot,elix/chariot.pose,chariot
charpente (1),elix/charpente.pose,charpente
château,elix/château.pose,château
chaussette,elix/chaussette.pose,chaussette
chaussure,elix/chaussure.pose,chaussure
chauve-souris,elix/chauve-souris.pose,chauve
chemin,elix/chemin.pose,chemin
circuit,elix/circuit.pose,circuit
citron,elix/citron.pose,citron
civil,elix/civil.pose,civil
clochard,elix/clochard.pose,clochard
cloche,elix/cloche.pose,cloche
clôture,elix/clôture.pose,clôture
clou,elix/clou.pose,clou
clown,elix/clown.pose,clown
cochon,elix/cochon.pose,cochon
cocon,elix/cocon.pose,cocon
coco,elix/coco.pose,coco
coffre,elix/coffre.pose,coffre
colère,elix/colère.pose,colère
collant,elix/collant.pose,collant
collège,elix/collège.pose,collège
collier,elix/collier.pose,collier
colline,elix/colline.pose,colline
colonie,elix/colonie.pose,colonie
col,elix/col.pose,col
comique,elix/comique.pose,comique
communauté,elix/communauté.pose,communauté
coquillage,elix/coquillage.pose,coquillage
coq,elix/coq.pose,coq
cordonnier,elix/cordonnier.pose,cordonnier
corne,elix/corne.pose,corne
cornichon,elix/cornichon.pose,cornichon
coton,elix/coton.pose,coton
couche,elix/couche.pose,couche
coude,elix/coude.pose,coude
couette,elix/couette.pose,couette
couloir,elix/couloir.pose,couloir
couple,elix/couple.pose,couple
courgette,elix/courgette.pose,courgette
couronne,elix/couronne.pose,couronne
course,elix/course.pose,course
cour,elix/cour.pose,cour
couscous,elix/couscous.pose,couscous
cousin,elix/cousin.pose,cousin
couteau,elix/couteau.pose,couteau
couvercle,elix/couvercle.pose,couvercle
couverture,elix/couverture.pose,couverture
crabe,elix/crabe.pose,crabe
craie,elix/craie.pose,craie
crampe,elix/crampe.pose,crampe
cravate,elix/cravate.pose,cravate
crêpe,elix/crêpe.pose,crêpe
crevette,elix/crevette.pose,crevette
crochet,elix/crochet.pose,crochet
crocodile,elix/crocodile.pose,crocodile
croissant,elix/croissant.pose,croître
croix,elix/croix.pose,croix
cuir,elix/cuir.pose,cuir
culotte,elix/culotte.pose,culotte
dactylologie,elix/dactylologie.pose,dactylologie
décembre,elix/décembre.pose,décembre
dentiste,elix/dentiste.pose,dentiste
département,elix/département.pose,département
de (6),elix/de.pose,6
fraise,elix/fraise.pose,fraise
griffe,elix/griffe.pose,griffe
hémorragie,elix/hémorragie.pose,hémorragie
lapin,elix/lapin.pose,lapin
liaison,elix/liaison.pose,liaison
librairie,elix/librairie.pose,librairie
media,elix/media.pose,media
nourriture,elix/nourriture.pose,nourriture
nuage,elix/nuage.pose,nuage
réseau local,elix/réseau local.pose,réseau
réseau (1),elix/réseau.pose,réseau
tabou,elix/tabou.pose,tabou
tachycardie,elix/tachycardie.pose,tachycardie
abandonner,jauvert/abandonner.pose,abandonner
abeille,jauvert/abeille.pose,abeille
à bientôt,jauvert/à bientôt.pose,bientôt
accompagner (1),jauvert/accompagner.pose,accompagner
acheter,jauvert/acheter.pose,acheter
adolescent,jauvert/adolescent.pose,adolescent
adorer,jauvert/adorer.pose,adorer
à genoux,jauvert/à genoux.pose,genou
Aix,jauvert/Aix.pose,Aix
aller chercher,jauvert/aller chercher.pose,aller
aller (1),jauvert/aller.pose,aller
amant,jauvert/amant.pose,amant
ami·e·s,jauvert/ami·e·s.pose,ami·e·s
ami·e (1),jauvert/ami·e.pose,1
amour,jauvert/amour.pose,amour
anniversaire,jauvert/anniversaire.pose,anniversaire
apercevoir,jauvert/apercevoir.pose,apercevoir
à peu près,jauvert/à peu près.pose,peu
appeler,jauvert/appeler.pose,appeler
apporter,jauvert/apporter.pose,apporter
apprendre,jauvert/apprendre.pose,apprendre
approcher,jauvert/approcher.pose,approcher
après-midi,jauvert/après-midi.pose,après-midi
après (1),jauvert/après.pose,1
arbre,jauvert/arbre.pose,arbre
argenté,jauvert/argenté.pose,argenté
arrêter,jauvert/arrêter.pose,arrêter
à tout à l'heure,jauvert/à tout à l'heure.pose,tout
attendre,jauvert/attendre.pose,attendre
attention,jauvert/attention.pose,attention
Aubagne,jauvert/Aubagne.pose,Aubagne
au bord de…,jauvert/au bord de….pose,bord
aujourd'hui,jauvert/aujourd'hui.pose,aujourd'hui
au revoir,jauvert/au revoir.pose,revoir
autonome,jauvert/autonome.pose,autonome
autoroute,jauvert/autoroute.pose,autoroute
avant,jauvert/avant.pose,avant
avec,jauvert/avec.pose,avec
"avertir, prévenir","jauvert/avertir, prévenir.pose",avertir
avion,jauvert/avion.pose,avion
avocat (1),jauvert/avocat.pose,avocat
ballon,jauvert/ballon.pose,ballon
banane,jauvert/banane.pose,banane
banque (2),jauvert/banque.pose,banque
bateau,jauvert/bateau.pose,bateau
beacoup,jauvert/beacoup.pose,beacoup
beau,jauvert/beau.pose,beau
bébé,jauvert/bébé.pose,bébé
beige,jauvert/beige.pose,beige
bientôt (1),jauvert/bientôt.pose,bientôt
bien,jauvert/bien.pose,bien
billard,jauvert/billard.pose,billard
blanc,jauvert/blanc.pose,blanc
bleu marine,jauvert/bleu marine.pose,bleu
bleu (1),jauvert/bleu.pose,bleu
blond,jauvert/blond.pose,blond
boeuf,jauvert/boeuf.pose,boeuf
boire,jauvert/boire.pose,boire
boiter,jauvert/boiter.pose,boiter
bon appétit,jauvert/bon appétit.pose,bon
bonjour (1),jauvert/bonjour.pose,bonjour
bonne journée,jauvert/bonne journée.pose,bon
bonne soirée,jauvert/bonne soirée.pose,bon
bonsoir,jauvert/bonsoir.pose,bonsoir
bon (1),jauvert/bon.pose,bon
bordeaux,jauvert/bordeaux.pose,bordeaux
bowling,jauvert/bowling.pose,bowling
bracelet,jauvert/bracelet.pose,bracelet
Bretagne,jauvert/Bretagne.pose,Bretagne
bureau,jauvert/bureau.pose,bureau
bus,jauvert/bus.pose,bus
café,jauvert/café.pose,café
camion,jauvert/camion.pose,camion
campagne,jauvert/campagne.pose,campagne
canapé,jauvert/canapé.pose,canapé
canard,jauvert/canard.pose,canard
capter des mots,jauvert/capter des mots.pose,capter
carotte,jauvert/carotte.pose,carotte
car,jauvert/car.pose,car
casser,jauvert/casser.pose,casser
cassette,jauvert/cassette.pose,cassette
ça va,jauvert/ça va.pose,ça-IX
centre ville,jauvert/centre ville.pose,centre
cerf,jauvert/cerf.pose,cerf
certificat,jauvert/certificat.pose,certificat
chaise,jauvert/chaise.pose,chaise
champignon (1),jauvert/champignon.pose,champignon
chance (1),jauvert/chance.pose,chance
changer,jauvert/changer.pose,changer
chapeau (1),jauvert/chapeau.pose,chapeau
châtain,jauvert/châtain.pose,châtain
chat,jauvert/chat.pose,chat
chaud,jauvert/chaud.pose,chaud
chaussette (1),jauvert/chaussette.pose,chaussette
chemin (1),jauvert/chemin.pose,chemin
chemise,jauvert/chemise.pose,chemise
chercher les ennuis,jauvert/chercher les ennuis.pose,chercher
chercher quelqu'un de perdu,jauvert/chercher quelqu'un de perdu.pose,chercher
chercher (3),jauvert/chercher.pose,chercher
chien,jauvert/chien.pose,chien
chocolatine (pain au chocolat),jauvert/chocolatine (pain au chocolat).pose,chocolatine
chocolat (1),jauvert/chocolat.pose,chocolat
cinéma (1),jauvert/cinéma.pose,cinéma
cirque,jauvert/cirque.pose,cirque
clair,jauvert/clair.pose,clair
clown (1),jauvert/clown.pose,clown
coca,jauvert/coca.pose,coca
collant (vêtement),jauvert/collant (vêtement).pose,collant
collège (1),jauvert/collège.pose,collège
combien ?,jauvert/combien ?.pose,combien
commencer,jauvert/commencer.pose,commencer
comment dire ?,jauvert/comment dire ?.pose,comment
comment ?,jauvert/comment ?.pose,comment
communiquer,jauvert/communiquer.pose,communiquer
comprendre,jauvert/comprendre.pose,comprendre
compris,jauvert/compris.pose,compris
concentrer,jauvert/concentrer.pose,concentrer
concombre,jauvert/concombre.pose,concombre
concours (1),jauvert/concours.pose,concours
conférence pour les entendants,jauvert/conférence pour les entendants.pose,conférence
conférence pour les sourds,jauvert/conférence pour les sourds.pose,conférence
configuration,jauvert/configuration.pose,configuration
conseiller (1),jauvert/conseiller.pose,conseiller
content,jauvert/content.pose,content
corps,jauvert/corps.pose,corps
couleur,jauvert/couleur.pose,couleur
courir,jauvert/courir.pose,courir
cours,jauvert/cours.pose,cours
couscous (1),jauvert/couscous.pose,couscous
cousin (1),jauvert/cousin.pose,cousin
crayon,jauvert/crayon.pose,crayon
critiquer (1),jauvert/critiquer.pose,critiquer
croiser,jauvert/croiser.pose,croiser
croissant (1),jauvert/croissant.pose,croître
cuisine,jauvert/cuisine.pose,cuisine
danser,jauvert/danser.pose,danser
demain,jauvert/demain.pose,demain
demander,jauvert/demander.pose,demander
de rien,jauvert/de rien.pose,rien-IX
dernière,jauvert/dernière.pose,dernier
derrière,jauvert/derrière.pose,derrière
dessert,jauvert/dessert.pose,dessert
détail,jauvert/détail.pose,détail
devant,jauvert/devant.pose,devant
devoir,jauvert/devoir.pose,devoir
dialoguer,jauvert/dialoguer.pose,dialoguer
différent,jauvert/différent.pose,différent
diplôme (1),jauvert/diplôme.pose,diplôme
directeur (1),jauvert/directeur.pose,directeur
dire (1),jauvert/dire.pose,dire
discuter (1),jauvert/discuter.pose,discuter
divorcer,jauvert/divorcer.pose,divorcer
docteur,jauvert/docteur.pose,docteur
dommage,jauvert/dommage.pose,dommage
"donner, rendre","jauvert/donner, rendre.pose",donner
doré,jauvert/doré.pose,doré
dormir,jauvert/dormir.pose,dormir
dossier (1),jauvert/dossier.pose,dossier
eau,jauvert/eau.pose,eau
école maternelle,jauvert/école maternelle.pose,école
école (2),jauvert/école.pose,école
écouter,jauvert/écouter.pose,écouter
écrire,jauvert/écrire.pose,écrire
éducateur (1),jauvert/éducateur.pose,éducateur
élève,jauvert/élève.pose,élever
email,jauvert/email.pose,e-mail
embaucher (1),jauvert/embaucher.pose,embaucher
emplacement,jauvert/emplacement.pose,emplacement
encore,jauvert/encore.pose,encore
enfant,jauvert/enfant.pose,enfant
"enseigner, apprendre","jauvert/enseigner, apprendre.pose",enseigner
ensemble,jauvert/ensemble.pose,ensemble
entendant,jauvert/entendant.pose,entendre
entendre,jauvert/entendre.pose,entendre
entrée,jauvert/entrée.pose,entrée
envoyer,jauvert/envoyer.pose,envoyer
escargot,jauvert/escargot.pose,escargot
espérer,jauvert/espérer.pose,espérer
essayer,jauvert/essayer.pose,essayer
été,jauvert/été.pose,être
étonner,jauvert/étonner.pose,étonner
être contre,jauvert/être contre.pose,être
eux,jauvert/eux.pose,eux-IX
exemple (1),jauvert/exemple.pose,exemple
expliquer,jauvert/expliquer.pose,expliquer
expression du visage (1),jauvert/expression du visage.pose,expression
famille,jauvert/famille.pose,famille
fatigué,jauvert/fatigué.pose,fatigué
faxer,jauvert/faxer.pose,faxer
femme de ménage,jauvert/femme de ménage.pose,femme
femme (1),jauvert/femme.pose,femme
fenêtre,jauvert/fenêtre.pose,fenêtre
fermé,jauvert/fermé.pose,fermer
fêter,jauvert/fêter.pose,fêter
fête,jauvert/fête.pose,fête
fier,jauvert/fier.pose,fier
filet,jauvert/filet.pose,filet
fille (la),jauvert/fille (la).pose,fille
fille (1),jauvert/fille.pose,fille
film,jauvert/film.pose,film
fils,jauvert/fils.pose,fils
finir,jauvert/finir.pose,finir
fleur,jauvert/fleur.pose,fleur
foncé,jauvert/foncé.pose,foncer
foot,jauvert/foot.pose,foot
formateur,jauvert/formateur.pose,formateur
formation (1),jauvert/formation.pose,formation
forme,jauvert/forme.pose,forme
français (langue),jauvert/français (langue).pose,français
frère,jauvert/frère.pose,frère
frite,jauvert/frite.pose,frire
froid,jauvert/froid.pose,froid
fromage,jauvert/fromage.pose,fromage
fruit,jauvert/fruit.pose,fruit
Gap,jauvert/Gap.pose,Gap
garçon,jauvert/garçon.pose,garçon
gare,jauvert/gare.pose,gare
gâteau,jauvert/gâteau.pose,gâteau
gentil,jauvert/gentil.pose,gentil
girafe,jauvert/girafe.pose,girafe
glisser,jauvert/glisser.pose,glisser
grand-mère,jauvert/grand-mère.pose,grand-mère
grand-parent,jauvert/grand-parent.pose,grand-parent
grand-père,jauvert/grand-père.pose,grand-père
grand (3),jauvert/grand.pose,grand
grave,jauvert/grave.pose,grave
gris,jauvert/gris.pose,gris
gronder,jauvert/gronder.pose,gronder
gros,jauvert/gros.pose,gros
habiter,jauvert/habiter.pose,habiter
hélicoptère,jauvert/hélicoptère.pose,hélicoptère
herbe,jauvert/herbe.pose,herbe
hier,jauvert/hier.pose,hier
histoire (1),jauvert/histoire.pose,histoire
hiver,jauvert/hiver.pose,hiver
homme (2),jauvert/homme.pose,homme
honte,jauvert/honte.pose,honte
hôpital (1),jauvert/hôpital.pose,hôpital
humour,jauvert/humour.pose,humour
hypnose,jauvert/hypnose.pose,hypnose
iconique,jauvert/iconique.pose,iconique
il fait beau,jauvert/il fait beau.pose,il-IX
il neige,jauvert/il neige.pose,il-IX
il n'y a personne,jauvert/il n'y a personne.pose,il-IX
I love you,jauvert/I love you.pose,i
il pleut,jauvert/il pleut.pose,il-IX
il y a du vent,jauvert/il y a du vent.pose,il-IX
"imiter, copier","jauvert/imiter, copier.pose",imiter
immeuble,jauvert/immeuble.pose,immeuble
important,jauvert/important.pose,important
infirmière (1),jauvert/infirmière.pose,infirmier
informer (1),jauvert/informer.pose,informer
"instituteur, professeur","jauvert/instituteur, professeur.pose",instituteur
intervenir (1),jauvert/intervenir.pose,intervenir
inviter,jauvert/inviter.pose,inviter
italien (langue),jauvert/italien (langue).pose,italien
j'ai le temps,jauvert/j'ai le temps.pose,j'-IX
j'aime,jauvert/j'aime.pose,j'-IX
j'ai vu,jauvert/j'ai vu.pose,j'-IX
j'ai (2),jauvert/j'ai.pose,j'-IX
jamais,jauvert/jamais.pose,jamais
jambon,jauvert/jambon.pose,jambon
jaune,jauvert/jaune.pose,jaune
je connais,jauvert/je connais.pose,je-IX
je crois,jauvert/je crois.pose,je-IX
je n'aime pas,jauvert/je n'aime pas.pose,je-IX
je n'ai pas le temps,jauvert/je n'ai pas le temps.pose,je-IX
je n'ai pas vu,jauvert/je n'ai pas vu.pose,je-IX
je n'ai pas (2),jauvert/je n'ai pas.pose,je-IX
je ne connais pas,jauvert/je ne connais pas.pose,je-IX
je ne crois pas,jauvert/je ne crois pas.pose,je-IX
je ne peux pas,jauvert/je ne peux pas.pose,je-IX
je ne sais pas,jauvert/je ne sais pas.pose,je-IX
je ne suis pas là,jauvert/je ne suis pas là.pose,je-IX
je ne veux pas,jauvert/je ne veux pas.pose,je-IX
je peux,jauvert/je peux.pose,je-IX
je sais,jauvert/je sais.pose,je-IX
je suis d'accord,jauvert/je suis d'accord.pose,je-IX
je suis là,jauvert/je suis là.pose,je-IX
jeu de cartes,jauvert/jeu de cartes.pose,jeu
jeune,jauvert/jeune.pose,jeune
jeu (1),jauvert/jeu.pose,jeu
je veux,jauvert/je veux.pose,je-IX
jouer,jauvert/jouer.pose,jouer
journée (1),jauvert/journée.pose,journée
jupe,jauvert/jupe.pose,jupe
kaki,jauvert/kaki.pose,kaki
laid,jauvert/laid.pose,laid
langue (3),jauvert/langue.pose,langue
légume,jauvert/légume.pose,légume
libellule,jauvert/libellule.pose,libellule
libre,jauvert/libre.pose,libre
lit,jauvert/lit.pose,lit
livre,jauvert/livre.pose,livre
location,jauvert/location.pose,location
LSF,jauvert/LSF.pose,LSF
"lui, elle","jauvert/lui, elle.pose",lui-IX
madame,jauvert/madame.pose,monsieur
mademoiselle,jauvert/mademoiselle.pose,mademoiselle
maintenant,jauvert/maintenant.pose,maintenant
mairie (1),jauvert/mairie.pose,mairie
maison,jauvert/maison.pose,maison
maîtresse,jauvert/maîtresse.pose,maîtresse
malade,jauvert/malade.pose,malade
maladie,jauvert/maladie.pose,maladie
mal-entendant,jauvert/mal-entendant.pose,mal-entender
maman,jauvert/maman.pose,maman
"ma, mes","jauvert/ma, mes.pose",ma-IX
manger,jauvert/manger.pose,manger
manteau,jauvert/manteau.pose,manteau
marcher,jauvert/marcher.pose,marcher
marier,jauvert/marier.pose,marier
Marignane,jauvert/Marignane.pose,Marignane
marron,jauvert/marron.pose,marron
Marseille (1),jauvert/Marseille.pose,Marseille
matin,jauvert/matin.pose,matin
mauvais,jauvert/mauvais.pose,mauvais
méchant,jauvert/méchant.pose,méchant
médecin (1),jauvert/médecin.pose,médecin
merci,jauvert/merci.pose,merci
mer,jauvert/mer.pose,mer
messe,jauvert/messe.pose,messe
mettre à la porte,jauvert/mettre à la porte.pose,mettre
mettre (1),jauvert/mettre.pose,mettre
midi (1),jauvert/midi.pose,midi
moi,jauvert/moi.pose,moi-IX
monsieur,jauvert/monsieur.pose,Monsieur
montagne (1),jauvert/montagne.pose,montagne
montgolfière,jauvert/montgolfière.pose,montgolfière
montre (accessoire),jauvert/montre (accessoire).pose,montre
moquer,jauvert/moquer.pose,moquer
moto,jauvert/moto.pose,moto
mot,jauvert/mot.pose,mot
mouton,jauvert/mouton.pose,mouton
mouvement,jauvert/mouvement.pose,mouvement
nager,jauvert/nager.pose,nager
neveu,jauvert/neveu.pose,neveu
nièce,jauvert/nièce.pose,nièce
noir,jauvert/noir.pose,noir
nombreux,jauvert/nombreux.pose,nombreux
non merci,jauvert/non merci.pose,non
non-signé,jauvert/non-signé.pose,non-signé
non (2),jauvert/non.pose,non
nous,jauvert/nous.pose,nous-IX
nouvelle,jauvert/nouvelle.pose,nouveau
objet,jauvert/objet.pose,objet
oeuf,jauvert/oeuf.pose,oeuf
offrir,jauvert/offrir.pose,offrir
oie,jauvert/oie.pose,oie
oncle,jauvert/oncle.pose,oncle
orange,jauvert/orange.pose,orange
orientation,jauvert/orientation.pose,orientation
or,jauvert/or.pose,or
oublier,jauvert/oublier.pose,oublier
oui,jauvert/oui.pose,oui
oumanie (?),jauvert/oumanie (?).pose,oumani
ours,jauvert/ours.pose,ours
ouvert,jauvert/ouvert.pose,ouvert
… ou …,jauvert/… ou ….pose,ou
où ?,jauvert/où ?.pose,où-IX
paella,jauvert/paella.pose,paella
pain (1),jauvert/pain.pose,pain
palme,jauvert/palme.pose,palm
pantalon,jauvert/pantalon.pose,pantalon
papa,jauvert/papa.pose,papa
papier,jauvert/papier.pose,papier
paramètre(s),jauvert/paramètre(s).pose,paramètre(s
pardon,jauvert/pardon.pose,pardon
pareil,jauvert/pareil.pose,pareil
parent (1),jauvert/parent.pose,parent
paris,jauvert/paris.pose,pari
Paris (1),jauvert/Paris.pose,Paris
parlé,jauvert/parlé.pose,parler
participer,jauvert/participer.pose,participer
partir,jauvert/partir.pose,partir
pas compris,jauvert/pas compris.pose,pas
pas content,jauvert/pas content.pose,pas
pas d'accord,jauvert/pas d'accord.pose,pas
pas grave,jauvert/pas grave.pose,pas
pas la peine,jauvert/pas la peine.pose,pas
pâte,jauvert/pâte.pose,pâte
patin à glace,jauvert/patin à glace.pose,patin
patin à roulettes,jauvert/patin à roulettes.pose,patin
patron,jauvert/patron.pose,patron
pause,jauvert/pause.pose,pause
payer,jauvert/payer.pose,payer
perdre,jauvert/perdre.pose,perdre
personne (1),jauvert/personne.pose,personne
petit·e-ami·e,jauvert/petit·e-ami·e.pose,petit·e
petite-fille,jauvert/petite-fille.pose,petite-fille
petit-fils,jauvert/petit-fils.pose,petit-fils
petits-enfants,jauvert/petits-enfants.pose,petit-enfant
petit (2),jauvert/petit.pose,petit
peur,jauvert/peur.pose,peur
photo,jauvert/photo.pose,photo
phrase,jauvert/phrase.pose,phrase
ping-pong,jauvert/ping-pong.pose,ping
pique-nique,jauvert/pique-nique.pose,pique-niqu
piscine,jauvert/piscine.pose,piscine
plage,jauvert/plage.pose,plage
planche à voile,jauvert/planche à voile.pose,planche
planète,jauvert/planète.pose,planète
pleurer,jauvert/pleurer.pose,pleurer
pleuvoir,jauvert/pleuvoir.pose,pleuvoir
plonger,jauvert/plonger.pose,plonger
plusieurs,jauvert/plusieurs.pose,plusieurs
poisson,jauvert/poisson.pose,poisson
polonais (langue),jauvert/polonais (langue).pose,polonais
pomme de terre,jauvert/pomme de terre.pose,pomme
pomme (1),jauvert/pomme.pose,pomme
pompier,jauvert/pompier.pose,pompier
pont,jauvert/pont.pose,pont
portable,jauvert/portable.pose,portable
porte (1),jauvert/porte.pose,porte
poubelle,jauvert/poubelle.pose,poubelle
poule,jauvert/poule.pose,poule
pourquoi ?,jauvert/pourquoi ?.pose,pourquoi
pourquoi (1),jauvert/pourquoi.pose,pourquoi
pour rien,jauvert/pour rien.pose,rien-IX
pour (3),jauvert/pour.pose,pour
préféré·e,jauvert/préféré·e.pose,préféré·
préférer,jauvert/préférer.pose,préférer
première,jauvert/première.pose,premier
prendre,jauvert/prendre.pose,prendre
prénom,jauvert/prénom.pose,prénom
"présenter, montrer","jauvert/présenter, montrer.pose",présenter
président de la république,jauvert/président de la république.pose,président
prêter,jauvert/prêter.pose,prêter
prêt,jauvert/prêt.pose,prêt
printemps,jauvert/printemps.pose,printemps
promenade,jauvert/promenade.pose,promenade
pronom,jauvert/pronom.pose,pronom
proposer,jauvert/proposer.pose,proposer
protéger,jauvert/protéger.pose,protéger
psychologue,jauvert/psychologue.pose,psychologue
pull (vêtement),jauvert/pull (vêtement).pose,pull
quand ?,jauvert/quand ?.pose,quand
qui ?,jauvert/qui ?.pose,qui-IX
quoi ?,jauvert/quoi ?.pose,quoi-IX
raconter,jauvert/raconter.pose,raconter
ranger,jauvert/ranger.pose,ranger
rat,jauvert/rat.pose,rat
refuser,jauvert/refuser.pose,refuser
regarder,jauvert/regarder.pose,regarder
rejoindre,jauvert/rejoindre.pose,rejoindre
rembourser,jauvert/rembourser.pose,rembourser
rencontrer,jauvert/rencontrer.pose,rencontrer
rendez-vous,jauvert/rendez-vous.pose,rendez-vous
répondre,jauvert/répondre.pose,répondre
restaurant,jauvert/restaurant.pose,restaurer
rester,jauvert/rester.pose,rester
retard,jauvert/retard.pose,retard
réveur,jauvert/réveur.pose,réveur
réviser,jauvert/réviser.pose,réviser
rire,jauvert/rire.pose,rire
rivière,jauvert/rivière.pose,rivière
riz,jauvert/riz.pose,riz
robe,jauvert/robe.pose,robe
roller,jauvert/roller.pose,roller
rose,jauvert/rose.pose,rose
rouge,jauvert/rouge.pose,rouge
rouler,jauvert/rouler.pose,rouler
route nationale,jauvert/route nationale.pose,route
roux,jauvert/roux.pose,roux
sac à main,jauvert/sac à main.pose,sac
saison (de l'année),jauvert/saison (de l'année).pose,saison
saisons (de l'année),jauvert/saisons (de l'année).pose,saison
salade,jauvert/salade.pose,salade
salle,jauvert/salle.pose,salle
sandwich,jauvert/sandwich.pose,sandwich
sans interruption,jauvert/sans interruption.pose,interruption
s'asseoir,jauvert/s'asseoir.pose,s'-IX
saucisson,jauvert/saucisson.pose,saucisson
sauf,jauvert/sauf.pose,sauf
se faufiler,jauvert/se faufiler.pose,se-IX
se lever,jauvert/se lever.pose,se-IX
se moquer,jauvert/se moquer.pose,se-IX
sens (direction),jauvert/sens (direction).pose,sens
se promener,jauvert/se promener.pose,se-IX
se rappeler,jauvert/se rappeler.pose,se-IX
se réveiller,jauvert/se réveiller.pose,se-IX
serré,jauvert/serré.pose,serrer
se taire,jauvert/se taire.pose,se-IX
seul·e,jauvert/seul·e.pose,seul·
short (vêtement),jauvert/short (vêtement).pose,short
signaire (vocabulaire LSF),jauvert/signaire (vocabulaire LSF).pose,signaire
signé (1),jauvert/signé.pose,signer
silence,jauvert/silence.pose,silence
s'il vous plait,jauvert/s'il vous plait.pose,se
ski,jauvert/ski.pose,ski
snowboard,jauvert/snowboard.pose,snowboard
soeur,jauvert/soeur.pose,soeur
soigner (1),jauvert/soigner.pose,soigner
soir,jauvert/soir.pose,soir
soleil,jauvert/soleil.pose,soleil
"son, sa, ses, leurs","jauvert/son, sa, ses, leurs.pose",son-IX
sortie,jauvert/sortie.pose,sortir
soucoupe volante,jauvert/soucoupe volante.pose,soucoupe
sourd,jauvert/sourd.pose,sourd
sourire,jauvert/sourire.pose,sourire
souris (1),jauvert/souris.pose,souris
sous-marin,jauvert/sous-marin.pose,sous-marin
souvent,jauvert/souvent.pose,souvent
stage,jauvert/stage.pose,stage
stagiaire,jauvert/stagiaire.pose,stagiaire
sucre,jauvert/sucre.pose,sucr
suivre,jauvert/suivre.pose,suivre
super,jauvert/super.pose,super
surveiller,jauvert/surveiller.pose,surveiller
sympathique,jauvert/sympathique.pose,sympathique
tableau,jauvert/tableau.pose,tableau
table,jauvert/table.pose,table
taille (mesure),jauvert/taille (mesure).pose,taille
talon,jauvert/talon.pose,talon
tante,jauvert/tante.pose,tant
tard,jauvert/tard.pose,tard
tartine,jauvert/tartine.pose,tartine
taureau,jauvert/taureau.pose,taureau
téléphoner,jauvert/téléphoner.pose,téléphoner
téléphone,jauvert/téléphone.pose,téléphone
télévision (1),jauvert/télévision.pose,télévision
tennis,jauvert/tennis.pose,tennis
terminer,jauvert/terminer.pose,terminer
terre (3),jauvert/terre.pose,terre
terrible,jauvert/terrible.pose,terrible
TGV,jauvert/TGV.pose,tgv
théatre,jauvert/théatre.pose,théatre
thème,jauvert/thème.pose,thème
thé,jauvert/thé.pose,thé
toi,jauvert/toi.pose,toi
tomate,jauvert/tomate.pose,tomate
tomber,jauvert/tomber.pose,tomber
"ton, ta, tes","jauvert/ton, ta, tes.pose",ton-IX
tortue de mer,jauvert/tortue de mer.pose,tortue
tortue de terre,jauvert/tortue de terre.pose,tortue
tôt,jauvert/tôt.pose,tôt
toujours,jauvert/toujours.pose,toujours
tous les quinze jours,jauvert/tous les quinze jours.pose,tout
toute la nuit,jauvert/toute la nuit.pose,tout
tout le monde,jauvert/tout le monde.pose,tout
tout (2),jauvert/tout.pose,tout
train,jauvert/train.pose,train
travailler,jauvert/travailler.pose,travailler
tremblement de terre,jauvert/tremblement de terre.pose,tremblement
triste,jauvert/triste.pose,triste
t-shirt,jauvert/t-shirt.pose,shirt
usine (1),jauvert/usine.pose,usine
vacances,jauvert/vacances.pose,vacance
vache,jauvert/vache.pose,vache
veau,jauvert/veau.pose,veau
vélo,jauvert/vélo.pose,vélo
vendre,jauvert/vendre.pose,vendre
venir (1),jauvert/venir.pose,venir
vent (1),jauvert/vent.pose,vent
verbe directionnel,jauvert/verbe directionnel.pose,verbe
verre de terre,jauvert/verre de terre.pose,verre
vert,jauvert/vert.pose,vert
vêtement (3),jauvert/vêtement.pose,vêtement
vieu,jauvert/vieu.pose,vieu
village,jauvert/village.pose,village
ville (2),jauvert/ville.pose,ville
violet,jauvert/violet.pose,violet
visite,jauvert/visite.pose,visite
visuel,jauvert/visuel.pose,visuel
Vitrolle,jauvert/Vitrolle.pose,Vitrolle
vocabulaire (1),jauvert/vocabulaire.pose,vocabulaire
voisin,jauvert/voisin.pose,voisin
voiture (2),jauvert/voiture.pose,voiture
voler,jauvert/voler.pose,voler
vous (2),jauvert/vous.pose,vous-IX
week-end,jauvert/week-end.pose,week
zoo (1),jauvert/zoo.pose,zoo
